<?xml version="1.0" encoding="UTF-8"?>
    <markers>
        <marker name="Sydney Opera House" description="Bennelong Point, Sydney NSW 2000, Australia" address="" web="" lat="-33.8568" lng="151.2153" category="attractions-entertainment" thumb="" />
        <marker name="Sydney Harbour Bridge" description="" address="" web="" lat="-33.8523" lng="151.2108" category="attractions-entertainment" thumb="" />
        <marker name="Circular Quay" description="" address="" web="" lat="-33.8618" lng="151.2109" category="attractions-entertainment" thumb="" />
        <marker name="The Rocks " description="" address="" web="" lat="-33.8599" lng="151.2090" category="attractions-entertainment" thumb="" />
        <marker name="Museum of Contemporary Art Australia" description="140 George St, The Rocks NSW 2000, Australia" address="" web="" lat="-33.8599" lng="151.2090" category="attractions-entertainment" thumb="" />
        <marker name="Darling Harbour" description="" address="" web="" lat="-33.8749" lng="151.2009" category="attractions-entertainment" thumb="" />
        <marker name="Sea Life Sydney Aquarium and Wild Life Sydney" description="1-5 Wheat Rd, Sydney NSW 2000, Australia" address="" web="" lat="-33.8699" lng="151.2021" category="attractions-entertainment" thumb="" />
        <marker name="National Maritime Museum" description=" 2 Murray St, Sydney NSW 2000, Australia" address="" web="" lat="-33.869167" lng="151.198611" category="attractions-entertainment" thumb="" />
        <marker name="Royal Botanic Garden, Sydney" description="Mrs Macquaries Rd, Sydney NSW 2000, Australia" address="" web="" lat="33.8642" lng="151.2166" category="attractions-entertainment" thumb="" />
        <marker name="Chinatown" description="" address="" web="" lat="-33.8739315043" lng=" 151.202447524" category="attractions-entertainment" thumb="" />
        <marker name="Randwick Racecourse" description="Alison Rd, Sydney NSW 2031, Australia" address="" web="" lat="-33.9065" lng="151.2301" category="attractions-entertainment" thumb="" />
        <marker name="Centennial Park" description="" address="" web="" lat="-33.865143" lng="151.209900" category="attractions-entertainment" thumb="" />
        <marker name="Bondi Beach" description="" address="" web="" lat="33.8915" lng="151.2767" category="sports-recreation" thumb="" />
        <marker name="Coogee Beach" description="" address="" web="" lat="-33.9190" lng="151.2555" category="sports-recreation" thumb="" />
        <marker name="Manly Beach" description="" address="" web="" lat="-33.8060" lng="151.2948" category="sports-recreation" thumb="" />
        <marker name="Bronte Beach" description="" address="" web="" lat="33.9035" lng="-151.2682" category="sports-recreation" thumb="" />
        <marker name="Closely Beach" description="" address="" web="" lat="-33.9121" lng="51.2629" category="sports-recreation" thumb="" />
        <marker name="Maroubra Beach" description="" address="" web="" lat="33.9495" lng="-151.2437" category="sports-recreation" thumb="" />
        <marker name="Queen Victoria Building" description="455 George St, Sydney NSW 2000, Australia" address="" web="" lat="-33.8717" lng="151.2067" category="shopping" thumb="" />
        <marker name="Sydney's Paddy's Market" description="Market City, Hay St &amp; Thomas Street, Sydney NSW 2000, Australia" address="" web="" lat="-33.881162" lng="151.203777" category="attractions-entertainment" thumb="" />
        <marker name="King Street, Newtown" description="" address="" web="" lat="-33.9012" lng="151.178502" category="shopping" thumb="" />
        <marker name="Crown Street, Surry Hills" description="" address="" web="" lat="-33.890648" lng="151.212921" category="shopping" thumb="" />
        <marker name="The Rocks " description="" address="" web="" lat="-33.8599" lng="151.2090" category="shopping" thumb="" />
        <marker name="Oxford Street, Paddington" description="" address="" web="" lat="-33.9259" lng="151.2654" category="shopping" thumb="" />
        <marker name="Fox Studios" description="38 Driver Ave, Moore Park NSW 2021, " address="" web="" lat="33.8932" lng="-151.2246" category="shopping" thumb="" />
        <marker name="Birkenhead Point Outlet Centre" description="19 Roseby St, Drummoyne NSW 2047, Australia" address="" web="" lat="-33.8561" lng=" 151.1614" category="shopping" thumb="" />
        <marker name="Glebe Market" description="Corner of Derby Place and Glebe Pt. Rd., Glebe on the grounds of Glebe Public School" address="" web="" lat="-33.8839" lng="151.1908" category="unique-attractions" thumb="" />
        <marker name="Marrickville Market" description="142 Addison Rd, Marrickville NSW 2204, " address="" web="" lat="-33.865143" lng="151.209900" category="unique-attractions" thumb="" />
        <marker name="Carriageworks" description="245 Wilson St, Eveleigh NSW 2015, Australia&#10;" address="" web="" lat="33.8942" lng="-151.1916" category="unique-attractions" thumb="" />
        <marker name="Paddington Markets" description="" address="" web="" lat="33.8869" lng="151.2297" category="unique-attractions" thumb="" />
        <marker name="Enmore Theatre" description="118-132 Enmore Rd, Newtown NSW 2042, Australia&#10;" address="" web="" lat="-33.8990" lng="151.1742" category="theatres" thumb="" />
        <marker name="EQ Village Markets" description="Location: MoorePark" address="" web="" lat="-33.8966" lng=" 151.2200" category="unique-attractions" thumb="" />
        <marker name="Gleebooks" description="49 Glebe Point Rd, Glebe " address="" web="" lat="-33.883138" lng="151.191624" category="unique-attractions" thumb="" />
        <marker name="La Banette Patisserie" description="18 Glebe Point Rd, Glebe NSW 2037, Australia 61 2 8095 9688" address="" web="" lat="-33.884172" lng="151.192114" category="dining" thumb="" />
        <marker name="Goulds bookstore" description="32 King St, Newtown NSW 2042, Australia" address="" web="" lat="-33.8927" lng="151.1866" category="unique-attractions" thumb="" />
        <marker name="Wedge Espresso Caf&amp;#233" description="53/55 Glebe Point Rd, Glebe NSW 2037, Australia, 61 2 9660 3313" address="" web="thewedgeglebe.com" lat="-33.883022" lng="151.191497" category="dining" thumb="" />
        <marker name="Vintage shopping on King Street" description="St James Arcade, 7/80 Castlereagh Street, Sydney NSW 2000, Australia" address="" web="" lat="-33.869783" lng="151.209827" category="unique-attractions" thumb="" />
        <marker name="Glebe Point Diner" description="407 Glebe Point Rd, Glebe NSW 2037, Australia, 61 2 9660 2646" address="" web="glebepointdiner.com.au" lat="-33.874775" lng="151.183205" category="dining" thumb="" />
        <marker name="San Churro" description="47 Glebe Point Rd, Glebe NSW 2037, Australia, 61 2 9692 0119" address="" web="sanchurro.com" lat="-33.884979" lng="151.187767" category="dining" thumb="" />
        <marker name="Deus Caf&amp;#233" description="98-104 Parramatta Rd, Camperdown NSW 2050, Australia, 61 2 9519 0849" address="" web="deuscustoms.com" lat="-33.885951" lng="151.179286" category="dining" thumb="" />
        <marker name="Badde Manors" description="37 Glebe Point Rd, Glebe NSW 2037, Australia,61 2 9660 3797" address="" web="baddemanorscafe.com.au" lat="-33.883578" lng="151.191946" category="dining" thumb="" />
        <marker name="Gigi's pizzeria" description="379 King St, Newtown NSW 2042, Australia, 61 2 9557 2224" address="" web="gigipizzeria.com.au" lat="-33.899230" lng="151.177619" category="dining" thumb="" />
        <marker name="Lentil As Anything" description="391 King St, Newtown NSW 2042, Australia, 61 2 8283 5580" address="" web="lentilasanything.com" lat="-33.899639" lng="151.177687" category="dining" thumb="" />
        <marker name="Black Star Pastry" description="277 Australia St, Newtown NSW 2042, Australia,61 2 9557 8656" address="" web="blackstarpastry.com.au" lat="-33.897067" lng="151.178322" category="dining" thumb="" />
        <marker name="Cow and the Moon" description="181 Enmore Rd, Enmore NSW 2042, Australia" address="" web="" lat="-33.898809" lng="151.172020" category="dining" thumb="" />
        <marker name="Parliament on King" description="632 King St, Erskineville NSW 2043, Australia, 61 414 235 325" address="" web="parliamentonking.com" lat="-33.905203" lng="151.180888" category="dining" thumb="" />
        <marker name="Camperdown Commons" description="31A Mallett St, Camperdown NSW 2050, Australia,61 2 9559 0050" address="" web="camperdown.commons.com.au" lat="-33.888272" lng="151.176699" category="dining" thumb="" />
        <marker name="Mary's burgers " description="6 Mary St, Newtown NSW 2042, Australia, 61 2 4995 9550" address="" web="" lat="-33.896023" lng="151.179810" category="dining" thumb="" />
        <marker name="Oscillate Wildly" description="275 Australia St, Newtown NSW 2042, Australia, 61 2 9517 4700" address="" web="oscillatewildly.com.au" lat="-33.896987" lng="151.178448" category="dining" thumb="" />
        <marker name="Hartsyard" description="33 Enmore Rd, Newtown NSW 2042, Australia,61 2 8068 1473" address="" web="hartsyard.com.au" lat="-33.898201" lng="151.176778" category="dining" thumb="" />
        <marker name="Golden lotus" description="343 King St, Newtown NSW 2042, Australia, 61 2 8937 2838" address="" web="goldenlotus-vegan.com" lat="-33.898330" lng="151.177973" category="dining" thumb="" />
        <marker name="Thai Photong" description="294 King St, Newtown NSW 2042, Australia, 61 2 9550 6277" address="" web="thaipothong.com.au" lat="-33.896748" lng="151.179809" category="dining" thumb="" />
        <marker name="Kurtosh" description="20B-20C St Pauls Street, Randwick NSW 2031, Randwick NSW 2031, Australia, 61 2 9399 8412" address="" web="kurtosh.com.au" lat="-33.896449" lng="151.144630" category="dining" thumb="" />
        <marker name="One Six Nine Caf&amp;#233" description="169 Alison Rd, Randwick NSW 2031, Australia, 61 2 9398 2007" address="" web="onesixninecafe.com.au" lat="-33.912904" lng="151.239799" category="dining" thumb="" />
        <marker name="Four Frogs Creperie" description="30 St Pauls St, Randwick NSW 2031, Australia,61 2 9398 3818" address="" web="fourfrogs.com.au" lat="-33.920489" lng="151.243093" category="dining" thumb="" />
        <marker name="Del Punto" description="40 St Pauls St, Randwick NSW 2031, Australia,61 2 9398 2027" address="" web="delpunto.com.au" lat="-33.920409" lng="151.243355" category="dining" thumb="" />
        <marker name="The Record Crate" description="34 Glebe Point Rd, Glebe NSW 2037, Australia,61 2 9660 1075" address="" web="therecordcrate.com.au" lat="-33.883738" lng="151.191617" category="bars" thumb="" />
        <marker name="Sappho Books" description="51 Glebe Point Rd, Sydney NSW 2037, Australia,61 2 9552 4498" address="" web="sapphobooks.com.au" lat="-33.883186" lng="151.191451" category="bars" thumb="" />
        <marker name="The Little Guy" description="87 Glebe Point Rd, Glebe NSW 2037, Australia,61 2 8084 0758" address="" web="thelittleguy.com.au" lat="-33.882530" lng="151.19036" category="bars" thumb="" />
        <marker name="Mr Falcon" description="92 Glebe Point Rd, Glebe NSW 2037, Australia,61 2 9029 6626" address="" web="mrfalcons.com.au" lat="-33.882130" lng="151.189496" category="bars" thumb="" />
        <marker name="Different Drummer" description="185 Glebe Point Rd, Glebe NSW 2037, Australia,61 2 9552 3406" address="" web="differentdrummer.com.au" lat="-33.880560" lng="151.187937" category="bars" thumb="" />
        <marker name="The Toxteth Hotel" description="345 Glebe Point Rd, Sydney NSW 2037, Australia,61 2 9660 2370" address="" web="toxtethhotel.com.au" lat="-33.876760" lng="151.184818" category="bars" thumb="" />
        <marker name="The Forest Lodge Hotel" description="117 Arundel St, Forest Lodge NSW 2037, Australia,61 2 9660 1872" address="" web="forestlodgehotel.com.au" lat="-33.883988" lng="151.184758" category="bars" thumb="" />
        <marker name="Earl's Juke Joint " description="407 King St, Newtown NSW 2042, Australia, " address="" web="" lat="-33.900045" lng="151.177753" category="bars" thumb="" />
        <marker name="Courthouse Hotel" description="202 Australia St, Newtown NSW 2042, Australia,61 2 9519 8273" address="" web="" lat="-33.896055" lng="151.178243" category="bars" thumb="" />
        <marker name="Young Henry's Brewery" description="D &amp; E/76 Wilford St, Newtown NSW 2042, Australia,61 2 9519 0048" address="" web="younghenrys.com" lat="-33.898169" lng="151.174475" category="bars" thumb="" />
        <marker name="Urban Winery" description="6.01/75 Mary St, St Peters NSW 2044, Australia, 61 2 9565 5771" address="" web="urbanwinerysydney.com.au" lat="-33.913309" lng="151.172806" category="bars" thumb="" />
        <marker name="Newtown Social Club" description="387 King St, Newtown NSW 2042, Australia,61 2 9550 3974" address="" web="newtownsocialclub.com" lat="-33.899561" lng="151.177738" category="bars" thumb="" />
        <marker name="Newtown Hotel" description="174 King St, Newtown NSW 2042, Australia,61 2 9557 6399" address="" web="newtownhotel.com.au" lat="-33.894290" lng="151.182855" category="bars" thumb="" />
        <marker name="Bat county " description="32 St Pauls St, Randwick NSW 2031, Australia,61 2 9398 6694" address="" web="batcountry.com.au" lat="-33.920302" lng="151.243133" category="bars" thumb="" />
        <marker name="Coogee Pavilion " description="169 Dolphin St, Coogee NSW 2034, Australia,61 2 9240 3000" address="" web="merivale.com.au" lat="-33.918608" lng="151.258277" category="bars" thumb="" />
        <marker name="Glebe Markets" description="Glebe Public School, Glebe Point Rd, Glebe NSW 2037, Australia,&#10;61 419 291 449" address="" web="glebemarkets.com.au" lat="-33.883303" lng="151.191177" category="shopping" thumb="" />
        <marker name="Marrikville " description="New South Wales 2204, Australia" address="" web="" lat="-33.912245" lng="151.138461" category="shopping" thumb="" />
        <marker name="Rozelle" description="New South Wales 2039, Australia" address="" web="" lat="-33.864491" lng="151.165554" category="shopping" thumb="" />
        <marker name="Carriageworks" description="245 Wilson St, Eveleigh NSW 2015, Australia,61 2 8571 9099" address="" web="carriageworks.com.au" lat="-33.894176" lng="151.191571" category="shopping" thumb="" />
        <marker name="EQ Village Markets" description="122 Lang Rd, Moore Park NSW 2021, Australia,61 2 8117 6700" address="" web="mooreparkproducemarket.com.au" lat="-33.893992" lng="151.226758" category="shopping" thumb="" />
        <marker name="Paddington Markets" description="395 Oxford St, Paddington NSW 2021, Australia,61 2 9331 2923" address="" web="paddingtonmarkets.com.au" lat="-33.886931" lng="151.229737" category="shopping" thumb="" />
        <marker name="Gleebooks" description="49 Glebe Point Rd, Glebe NSW 2037, Australia,61 2 9660 2333" address="" web="gleebooks.com.au" lat="-33.883132" lng="151.191644" category="shopping" thumb="" />
        <marker name="Goulds bookstore" description="32 King St, Newtown NSW 2042, Australia,61 2 9519 8947" address="" web="gouldsbooks.com" lat="-33.892833" lng="151.186729" category="shopping" thumb="" />
        <marker name="Sydney Cricket Ground (SCG)" description="Moore Park Rd, Moore Park NSW 2021, Australia,61 2 9360 6601" address="" web="sydneycricketground.com.au" lat="-33.891540" lng="151.224819" category="sports-recreation" thumb="" />
        <marker name="Sydney Olympic Park" description="New South Wales 2127, Australia" address="" web="" lat="-33.838660" lng="151.058149" category="sports-recreation" thumb="" />
        <marker name="Royal Randwick Racecourse" description="Alison Rd, Sydney NSW 2031, Australia,61 2 9663 8400" address="" web="australianturfclub.com.au" lat="-33.906462" lng="151.230055" category="sports-recreation" thumb="" />
        <marker name="Allianz Stadium" description="Driver Ave, Moore Park NSW 2021, Australia,61 2 9360 6601" address="" web="allianz.com.au" lat="-33.889076" lng="151.225375" category="sports-recreation" thumb="" />
        <marker name="Fox Studios EQ" description="220, 122 Lang Rd, Moore Park NSW 2021, Australia,61 2 8117 6700" address="" web="eqmoorepark.com.au" lat="-33.894972" lng="151.227289" category="attractions-entertainment" thumb="" />
        <marker name="NIDA - National Institute of Dramatic Art" description="215 Anzac Parade, Kensington NSW 2033, Australia,61 2 9697 7600" address="" web="nida.edu.au" lat="-33.915904" lng="151.225516" category="schools" thumb="" />
        <marker name="Taronga Zoo" description="Bradleys Head Rd, Mosman NSW 2088, Australia" address="" web="" lat="-33.8430" lng="151.2419" category="attractions-entertainment" thumb="" />
        <marker name="Port Jackson" description="" address="" web="" lat="-33.85499" lng="151.2333324" category="attractions-entertainment" thumb="" />
        <marker name="Sydney Tower" description="100 Market St, Sydney NSW 2000, Australia" address="" web="" lat="-33.870572" lng="151.208711" category="attractions-entertainment" thumb="" />
        <marker name="Sydney Observatory" description="Watson Rd, Millers Point NSW 2000, Australia" address="" web="" lat="-33.858760" lng="151.2050" category="attractions-entertainment" thumb="" />
        <marker name="Chinese Garden of Friendship" description="Pier St, Sydney NSW 2000, Australia&#10;" address="" web="" lat="-33.877453" lng="151.201644" category="attractions-entertainment" thumb="" />
        <marker name="St Mary's Cathedral, Sydney" description="St Marys Rd, Sydney NSW 2000, Australia" address="" web="" lat="-33.871133" lng="151.214510" category="attractions-entertainment" thumb="" />
        <marker name="Sydney Olympic Park" description="" address="" web="" lat="-33.848010" lng="151.064880" category="attractions-entertainment" thumb="" />
        <marker name="Powerhouse Museum" description="500 Harris St, Ultimo NSW 2007, Australia" address="" web="" lat="-33.878614" lng="151.200050" category="museums" thumb="" />
        <marker name="The Domain, Sydney" description="2 St Marys Rd, Sydney NSW 2000, Australia" address="" web="" lat="-33.871133" lng="151.214510" category="attractions-entertainment" thumb="" />
        <marker name="Hyde Park" description="Elizabeth St, Sydney NSW 2000, Australia&#10;" address="" web="" lat="-33.874609" lng="151.209708" category="attractions-entertainment" thumb="" />
        <marker name="Shelly Beach" description="" address="" web="" lat="-33.369960" lng="151.485870" category="sports-recreation" thumb="" />
        <marker name="Luna Park" description="1 Olympic Dr, Milsons Point NSW 2061, Australia" address="" web="" lat="-33.849683" lng="151.211303" category="attractions-entertainment" thumb="" />
        <marker name="Hyde Park Barracks, Sydney" description="Queens Square, Macquarie St, Sydney NSW 2000, Australia" address="" web="" lat="-33.863982" lng="151.212836" category="attractions-entertainment" thumb="" />
        <marker name="Manly Sea Life Sanctuary" description="West Esplanade, Manly NSW 2095, Australia" address="" web="" lat="-33.798393" lng="151.282548" category="attractions-entertainment" thumb="" />
        <marker name="Museum of Sydney" description=" Phillip St &amp; Bridge Street, Sydney NSW 2000, Australia" address="" web="" lat="-33.86332" lng="151.211919" category="museums" thumb="" />
        <marker name="Mrs Macquarie's Chair" description="Royal Botanic Gardens, Mrs Macquaries Rd, Sydney NSW 2000, Australia" address="" web="" lat="-33.864186" lng="151.216571" category="attractions-entertainment" thumb="" />
        <marker name="Government House, Sydney " description="Macquarie St, Sydney NSW 2000, Australia&#10;" address="" web="" lat="-33.863982" lng="151.212836" category="attractions-entertainment" thumb="" />
        <marker name="Bronte Beach" description="" address="" web="" lat="-33.903486" lng="151.268234" category="sports-recreation" thumb="" />
        <marker name="The Star, Sydney" description=" 80 Pyrmont St, Pyrmont NSW 2009, Australia&#10;" address="" web="" lat="-33.868109" lng="151.195318" category="attractions-entertainment" thumb="" />
        <marker name="Parliament House, Sydney" description="" address="" web="" lat="-33.868820" lng="151.209296" category="attractions-entertainment" thumb="" />
        <marker name="King Street Wharf" description="" address="" web="" lat="-33.901119" lng="151.178558" category="attractions-entertainment" thumb="" />
        <marker name="Sydney Airport" description="Sydney NSW 2020, Australia&#10;" address="" web="" lat="-33.939923" lng="151.175276" category="airport" thumb="" />
        <marker name="Fish Market" description="Bank St &amp; Pyrmont Bridge Road, Sydney NSW 2009, Australia" address="" web="" lat="-33.8730" lng="151.1926" category="dining" thumb="" />
        <marker name="Glebe Space" description="" address="" web="" lat="-33.8889" lng="151.1818" category="nightlife" thumb="" />
        <marker name="Racecourse Space" description="" address="" web="" lat="-33.9158" lng="151.2320" category="nightlife" thumb="" />
        <marker name="Sydney Space" description="" address="" web="" lat="-33.8887" lng="151.1819" category="nightlife" thumb="" />
        <marker name="Newtown Space" description="" address="" web="" lat="-33.8885" lng="151.1859" category="nightlife" thumb="" />
    </markers>